text,summary
"Machine learning allows computers to learn from data without being explicitly programmed.","ML lets computers learn from data."
"Neural networks are a set of algorithms modeled after the human brain.","Neural networks mimic brain structure."
"Transformers use self-attention to process sequences.","Transformers rely on self-attention."
"PyTorch is a deep learning library that provides flexibility and speed.","PyTorch is a flexible deep learning library."
"Artificial intelligence is transforming many industries.","AI is changing industries."
"Machine learning allows computers to learn from data without being explicitly programmed.","ML lets computers learn from data."
"Neural networks are a set of algorithms modeled after the human brain.","Neural networks mimic brain structure."
"Transformers use self-attention to process sequences.","Transformers rely on self-attention."
"PyTorch is a deep learning library that provides flexibility and speed.","PyTorch is a flexible deep learning library."
"Artificial intelligence is transforming many industries.","AI is changing industries."
"Machine learning allows computers to learn from data without being explicitly programmed.","ML lets computers learn from data."
"Neural networks are a set of algorithms modeled after the human brain.","Neural networks mimic brain structure."
"Transformers use self-attention to process sequences.","Transformers rely on self-attention."
"PyTorch is a deep learning library that provides flexibility and speed.","PyTorch is a flexible deep learning library."
"Artificial intelligence is transforming many industries.","AI is changing industries."
"Machine learning allows computers to learn from data without being explicitly programmed.","ML lets computers learn from data."
"Neural networks are a set of algorithms modeled after the human brain.","Neural networks mimic brain structure."
"Transformers use self-attention to process sequences.","Transformers rely on self-attention."
"PyTorch is a deep learning library that provides flexibility and speed.","PyTorch is a flexible deep learning library."
"Artificial intelligence is transforming many industries.","AI is changing industries."
"Machine learning allows computers to learn from data without being explicitly programmed.","ML lets computers learn from data."
"Neural networks are a set of algorithms modeled after the human brain.","Neural networks mimic brain structure."
"Transformers use self-attention to process sequences.","Transformers rely on self-attention."
"PyTorch is a deep learning library that provides flexibility and speed.","PyTorch is a flexible deep learning library."
"Artificial intelligence is transforming many industries.","AI is changing industries."
"Machine learning allows computers to learn from data without being explicitly programmed.","ML lets computers learn from data."
"Neural networks are a set of algorithms modeled after the human brain.","Neural networks mimic brain structure."
"Transformers use self-attention to process sequences.","Transformers rely on self-attention."
"PyTorch is a deep learning library that provides flexibility and speed.","PyTorch is a flexible deep learning library."
"Artificial intelligence is transforming many industries.","AI is changing industries."
"Machine learning allows computers to learn from data without being explicitly programmed.","ML lets computers learn from data."
"Neural networks are a set of algorithms modeled after the human brain.","Neural networks mimic brain structure."
"Transformers use self-attention to process sequences.","Transformers rely on self-attention."
"PyTorch is a deep learning library that provides flexibility and speed.","PyTorch is a flexible deep learning library."
"Artificial intelligence is transforming many industries.","AI is changing industries."
"Machine learning allows computers to learn from data without being explicitly programmed.","ML lets computers learn from data."
"Neural networks are a set of algorithms modeled after the human brain.","Neural networks mimic brain structure."
"Transformers use self-attention to process sequences.","Transformers rely on self-attention."
"PyTorch is a deep learning library that provides flexibility and speed.","PyTorch is a flexible deep learning library."
"Artificial intelligence is transforming many industries.","AI is changing industries."
